{
    "AS_Image_c7f154209d194769aa200b0242cc646f": {
        "id": "AS_Image_c7f154209d194769aa200b0242cc646f",
        "type": "ACTION_SEQUENCE",
        "params": [{
            "datatype": "collection",
            "name": "eventobject"
        }, {
            "datatype": "string",
            "name": "x"
        }, {
            "datatype": "string",
            "name": "y"
        }],
        "language": "js",
        "actions": [{
            "id": "INVOKE_FUNCTION__ide_onTouchStart_b939a199c0574fe1b33826fce72c3196",
            "type": "INVOKE_FUNCTION",
            "sequenceKUID": "surfaceReaction",
            "display": "surfaceReaction",
            "inputparams": [{
                "name": "currentWidget",
                "value": " eventobject.id"
            }],
            "callbackType": null
        }]
    }
}