{
    "AS_Image_1d387d2f26dc4a05970580deee806f15": {
        "id": "AS_Image_1d387d2f26dc4a05970580deee806f15",
        "type": "ACTION_SEQUENCE",
        "params": [{
            "datatype": "collection",
            "name": "eventobject"
        }, {
            "datatype": "string",
            "name": "x"
        }, {
            "datatype": "string",
            "name": "y"
        }],
        "language": "js",
        "actions": [{
            "id": "INVOKE_FUNCTION__ide_onTouchStart_b6d5a0ba19e94a79ac8586be608feee1",
            "type": "INVOKE_FUNCTION",
            "sequenceKUID": "surfaceReaction",
            "display": "surfaceReaction",
            "inputparams": [{
                "name": "currentWidget",
                "value": " eventobject.id"
            }],
            "callbackType": null
        }]
    }
}