{
    "AS_Image_dd6eabb2a94441e9984494b14c68e7f8": {
        "id": "AS_Image_dd6eabb2a94441e9984494b14c68e7f8",
        "type": "ACTION_SEQUENCE",
        "params": [{
            "datatype": "collection",
            "name": "eventobject"
        }, {
            "datatype": "string",
            "name": "x"
        }, {
            "datatype": "string",
            "name": "y"
        }],
        "language": "js",
        "actions": [{
            "id": "INVOKE_FUNCTION__ide_onTouchStart_a4dba9706a574b429513e928f177f19b",
            "type": "INVOKE_FUNCTION",
            "sequenceKUID": "surfaceReaction",
            "display": "surfaceReaction",
            "inputparams": [{
                "name": "currentWidget",
                "value": " eventobject.id"
            }],
            "callbackType": null
        }]
    }
}