{
    "AS_Image_6d5506a8f7a44c41aee8778742838899": {
        "id": "AS_Image_6d5506a8f7a44c41aee8778742838899",
        "type": "ACTION_SEQUENCE",
        "params": [{
            "datatype": "collection",
            "name": "eventobject"
        }, {
            "datatype": "string",
            "name": "x"
        }, {
            "datatype": "string",
            "name": "y"
        }],
        "language": "js",
        "actions": [{
            "id": "INVOKE_FUNCTION__ide_onTouchStart_e54d4ef6995c4f08a6b603b2d0c05410",
            "type": "INVOKE_FUNCTION",
            "sequenceKUID": "surfaceReaction",
            "display": "surfaceReaction",
            "inputparams": [{
                "name": "currentWidget",
                "value": " eventobject.id"
            }],
            "callbackType": null
        }]
    }
}