{
    "DNDConfig": null,
    "__parentReadjusting__": false,
    "_height_": {
        "type": "string",
        "value": "220dp"
    },
    "_left_": {
        "type": "string",
        "value": "8dp"
    },
    "_margin_": [
        0,
        0,
        0,
        0
    ],
    "_orientation_": 6,
    "_padding_": [
        0,
        0,
        0,
        0
    ],
    "_percent_": true,
    "_render_": true,
    "_skin_": "s2fb1796e7044f6ebd2fb5b4272c74a3",
    "_top_": {
        "type": "string",
        "value": "51dp"
    },
    "_width_": {
        "type": "string",
        "value": "100%"
    },
    "allboxes": [],
    "android": {
        "render": true
    },
    "canUpdateUI": true,
    "children": [
        "rippleCont"
    ],
    "clipbounds": true,
    "containerweight": 100,
    "enablescrolling": true,
    "id": "boarderCont",
    "info": null,
    "iphone": {
        "render": true
    },
    "isvisible": false,
    "kuid": "9ff21889a2784708a2ad6629747935d8",
    "layouttype": 2,
    "name": "kony.ui.FlexContainer",
    "parent": "frm1",
    "pf": "frm1",
    "snapgridsize": 10,
    "snaptogrid": true,
    "spaan": {
        "render": true
    },
    "spabb": {
        "render": true
    },
    "spaip": {
        "render": true
    },
    "spawinphone8": {
        "render": true
    },
    "wType": "FlexContainer",
    "widgetalignment": 1,
    "winphone8": {
        "render": true
    },
    "zindex": 3
}