{
    "@class": "com.kony.gen.viz.model.container.KVizScrollFlexForm",
    "DNDConfig": null,
    "_margin_": [
        0,
        0,
        0,
        0
    ],
    "_orientation_": 1,
    "_padding_": [
        0,
        0,
        0,
        0
    ],
    "_percent_": true,
    "_render_": true,
    "_skin_": "sb58100e83ab4e3082f417511d506a3f",
    "_title_": null,
    "addWidgetsdone": false,
    "allboxes": [],
    "android": {
        "needAppMenu": false,
        "render": true
    },
    "canUpdateUI": true,
    "children": [
        "image1",
        "image2",
        "image3",
        "image4",
        "image5",
        "image6",
        "image7",
        "image8",
        "boarderCont",
        "vline1",
        "vline2",
        "vline3",
        "hline1",
        "hline2",
        "hline3",
        "hline4",
        "hline5"
    ],
    "containerweight": 100,
    "currentLocale": null,
    "desktopweb": {
        "needAppMenu": false
    },
    "device": "iPhone6",
    "displayorientation": 1,
    "enabledforidletimeout": false,
    "id": "frm1",
    "info": null,
    "initdone": false,
    "inputaccessoryviewtype": 4,
    "ipad": {
        "psp": {
            "inputAccessoryViewType": 4
        }
    },
    "iphone": {
        "needAppMenu": false,
        "psp": {
            "inputAccessoryViewType": 4,
            "titleBarConfig": {
                "buttonClosureLeftSideView": "",
                "buttonClosureRightSideView": "",
                "buttonText": "Edit",
                "ide_buttonClosureLeftSideView": "",
                "ide_buttonClosureRightSideView": "",
                "ide_titleClosureLeftSideView": "",
                "ide_titleClosureRightSideView": "",
                "leftButtonText": "Back",
                "leftTitle": "Back",
                "prevFormTitle": false,
                "renderTitleText": true,
                "rightTitle": "Edit",
                "titleBarLeftSideView": "button",
                "titleBarRightSideView": "button",
                "titleClosureLeftSideView": "",
                "titleClosureRightSideView": "",
                "visible": false
            }
        },
        "render": true,
        "titleBar": false
    },
    "isvisible": true,
    "kuid": "3ba53fdede2e4a3a914cf700340e0b6c",
    "layouttype": 2,
    "name": "kony.ui.Form2",
    "needappmenu": true,
    "paddinginpixel": false,
    "platform": "iphone",
    "prevDevice": "iPhone6",
    "prevPlatform": "iphone",
    "retainscrollposition": false,
    "shellCSS": "iOS_iPhone6",
    "snapgridsize": 10,
    "snaptogrid": true,
    "spaan": {
        "needAppMenu": false,
        "render": true
    },
    "spabb": {
        "needAppMenu": false,
        "render": true
    },
    "spaip": {
        "needAppMenu": false,
        "render": true
    },
    "spawinphone8": {
        "needAppMenu": false,
        "render": true
    },
    "titleBarSkin": "s01a3c761ed44dcab0d6537d1b55b621",
    "titlebar": false,
    "type": 3,
    "wType": "Form",
    "winphone8": {
        "needAppMenu": false,
        "render": true
    }
}