{
    "@class": "com.kony.gen.viz.model.component.KVizImage2",
    "DNDConfig": null,
    "__parentReadjusting__": false,
    "_base64_": null,
    "_height_": {
        "type": "string",
        "value": "25%"
    },
    "_margin_": [
        0,
        0,
        0,
        0
    ],
    "_padding_": [
        0,
        0,
        0,
        0
    ],
    "_skin_": "s2a8f2a45b544d47a8185ecd9c0e747d",
    "_src_": "panda.png",
    "_width_": {
        "type": "string",
        "value": "50%"
    },
    "canUpdateUI": true,
    "centerx": {
        "type": "string",
        "value": "75.00%"
    },
    "centery": {
        "type": "string",
        "value": "62.50%"
    },
    "containerweight": 100,
    "context": {
        "channel": "mobile",
        "formID": "frm1",
        "platform": "iphone",
        "templateType": "forms",
        "topLevelBox": null
    },
    "id": "image6",
    "ide_onTouchStart": "AS_Image_c7f154209d194769aa200b0242cc646f",
    "imagescalemode": 0,
    "info": null,
    "invokedProperty": "src",
    "isvisible": true,
    "kuid": "579afd534b6e459cbbfe65d59aa11f75",
    "name": "kony.ui.Image2",
    "ontouchstart": "AS_Image_c7f154209d194769aa200b0242cc646f",
    "parent": "frm1",
    "pf": "frm1",
    "srcType": 1,
    "wType": "Image",
    "widgetalignment": 5
}