{
    "@class": "com.kony.gen.viz.model.component.KVizImage2",
    "DNDConfig": null,
    "__parentReadjusting__": false,
    "_base64_": null,
    "_height_": {
        "type": "string",
        "value": "25%"
    },
    "_margin_": [
        0,
        0,
        0,
        0
    ],
    "_padding_": [
        0,
        0,
        0,
        0
    ],
    "_render_": true,
    "_skin_": "s2a8f2a45b544d47a8185ecd9c0e747d",
    "_src_": "kitty1.png",
    "_width_": {
        "type": "string",
        "value": "50%"
    },
    "android": {
        "render": true
    },
    "canUpdateUI": true,
    "centerx": {
        "type": "string",
        "value": "25%"
    },
    "centery": {
        "type": "string",
        "value": "12.50%"
    },
    "containerweight": 100,
    "context": {
        "channel": "mobile",
        "formID": "frm1",
        "platform": "iphone",
        "templateType": "forms",
        "topLevelBox": null
    },
    "id": "image1",
    "ide_onTouchStart": "AS_Image_108330a369df4b23b2a6d0d8d642f576",
    "imagescalemode": 0,
    "info": null,
    "invokedProperty": "src",
    "iphone": {
        "render": true
    },
    "isvisible": true,
    "kuid": "a902ae4c9e3145efa36427e9f50393d9",
    "name": "kony.ui.Image2",
    "ontouchstart": "AS_Image_108330a369df4b23b2a6d0d8d642f576",
    "parent": "frm1",
    "pf": "frm1",
    "spaan": {
        "render": true
    },
    "spabb": {
        "render": true
    },
    "spaip": {
        "render": true
    },
    "spawinphone8": {
        "render": true
    },
    "srcType": 1,
    "wType": "Image",
    "widgetalignment": 5,
    "winphone8": {
        "render": true
    }
}