{
    "DNDConfig": null,
    "__parentReadjusting__": false,
    "_height_": {
        "type": "string",
        "value": "100dp"
    },
    "_left_": {
        "type": "string",
        "value": "10dp"
    },
    "_margin_": [
        0,
        0,
        0,
        0
    ],
    "_orientation_": 6,
    "_padding_": [
        0,
        0,
        0,
        0
    ],
    "_percent_": true,
    "_render_": true,
    "_skin_": "s99f1c61922543149389a3102f2fa0a4",
    "_top_": {
        "type": "string",
        "value": "98dp"
    },
    "_width_": {
        "type": "string",
        "value": "100dp"
    },
    "allboxes": [],
    "android": {
        "render": true
    },
    "autogrowmode": 0,
    "canUpdateUI": true,
    "centerx": {
        "type": "string",
        "value": "95dp"
    },
    "centery": {
        "type": "string",
        "value": "85dp"
    },
    "children": [
        "dummy"
    ],
    "clipbounds": true,
    "containerweight": 100,
    "enablescrolling": true,
    "id": "rippleCont",
    "info": null,
    "iphone": {
        "render": true
    },
    "isvisible": false,
    "kuid": "7b64c5780b924fec8fda961b0744c3a1",
    "layouttype": 2,
    "name": "kony.ui.FlexContainer",
    "parent": "boarderCont",
    "pf": "frm1",
    "snapgridsize": 10,
    "snaptogrid": true,
    "spaan": {
        "render": true
    },
    "spabb": {
        "render": true
    },
    "spaip": {
        "render": true
    },
    "spawinphone8": {
        "render": true
    },
    "wType": "FlexContainer",
    "widgetalignment": 1,
    "winphone8": {
        "render": true
    },
    "zindex": 3
}