{"mwaddrkey":"","wap_android360_fontsize":"12","isA11yConfigEnabled":false,"watchos_notificationcentericon_42":"","wap_android440_fontsize":"12","apppackagekey":"","nativeContainerProperties":{"isEnableJSContainerAndroid":false,"isModified":true,"isEnableJSContaineriOS":false,"isEnableJSContainer":false},"wap_android400_fontsize":"12","wap_spaandroidtabhdpi_fontsize":"12","appversionkey":"1.0.0","watchos_longlooknotificationicon_38":"","project.type":"js","startupformkey":"frm1","wap_bb480_fontsize":"12","wap_winphone480_fontsize":"12","wap_android640_fontsize":"12","vendornamekey":"KonyLabs","wap_android320_fontsize":"12","createdgaversion":"7.0.0","watchos_notificationcentericon_38":"","enableactionbar":false,"watchos_shortlooknotificationicon_42":"","wap_android480_fontsize":"12","wap_winphone320_fontsize":"12","watchos_longlooknotificationicon_42":"","appmenu":{"tablet":{"data":[{"windows8":{"appBarButtonStyle":"No Style","position":"BOTTOM_LEFT"},"android":{"showAsFlag":0},"kuid":"32f210054b4a42bd9de83a147581032b","icon":{"default":"option1.png"},"id":"appmenuitemid1","title":"Item 1"},{"windows8":{"appBarButtonStyle":"No Style","position":"BOTTOM_LEFT"},"android":{"showAsFlag":0},"kuid":"87c300f8a4be4dbfbcf96189819890f0","icon":{"default":"option2.png"},"id":"appmenuitemid2","title":"Item 2"},{"windows8":{"appBarButtonStyle":"No Style","position":"BOTTOM_LEFT"},"android":{"showAsFlag":0},"kuid":"c118b23560ba45f1873a3e5ec4925d58","icon":{"default":"option3.png"},"id":"appmenuitemid3","title":"Item 3"},{"windows8":{"appBarButtonStyle":"No Style","position":"BOTTOM_LEFT"},"android":{"showAsFlag":0},"kuid":"e8416d4df11242e7b82e748ff93ae27e","icon":{"default":"option4.png"},"id":"appmenuitemid4","title":"Item 4"}]},"desktop":{"data":[{"kuid":"1612331d67b3496f866eab507fe3864e","icon":{"default":"option1.png"},"id":"appmenuitemid1","title":"Item 1"},{"kuid":"9c11f1e3d55e4dab9172fe69231ddb53","icon":{"default":"option2.png"},"id":"appmenuitemid2","title":"Item 2"},{"kuid":"475c761267814c169c2a7d0ecf81a580","icon":{"default":"option3.png"},"id":"appmenuitemid3","title":"Item 3"},{"kuid":"b63cac6720b941cfb64efcbabcb731e4","icon":{"default":"option4.png"},"id":"appmenuitemid4","title":"Item 4"}]},"focusskin":null,"osVersion":"iOS7","wType":"Appmenu","focusSkin":null,"mobile":{"data":[{"android":{"showAsFlag":0},"kuid":"7ded5730552c401bad8c73f2a51413c2","icon":{"default":"option1.png"},"id":"appmenuitemid1","title":"Item 1"},{"android":{"showAsFlag":0},"kuid":"275480d628ab4168b020ded5e2974af6","icon":{"default":"option2.png"},"id":"appmenuitemid2","title":"Item 2"},{"android":{"showAsFlag":0},"kuid":"cc8e98cefe2e468897ec91471164c363","icon":{"default":"option3.png"},"id":"appmenuitemid3","title":"Item 3"},{"android":{"showAsFlag":0},"kuid":"8e53efe6e7b54ce29f33a992fecb014c","icon":{"default":"option4.png"},"id":"appmenuitemid4","title":"Item 4"}]},"skin":null,"osPlatform":""},"wap_spaipad_fontsize":"12","mwportkey":"","mwhttpsportkey":"","wap_bb440_fontsize":"12","wap_bb400_fontsize":"12","appidkey":"SurfaceReaction","statusBarHidden":"false","wap_bb360_fontsize":"12","export.type":"studioviz","isNewAppWithRespectToAndroidPackageName":"","wap_spawindowstab_fontsize":"12","defaulttheme":"defaultTheme","watchos_shortlooknotificationicon_38":"","appaddrkey":"","appnamekey":"SurfaceReaction","currentgaversion":"7.3.0","wap_bb320_fontsize":"12","wap_bb240_fontsize":"12","desktopwebbasefontsize":"12","wap_android240_fontsize":"12","wap_spaandroidtabldpi_fontsize":"12","wap_spaandroidtabmdpi_fontsize":"12","konyVizVersion":"7.3.0","wap_spaandroidtab_fontsize":"12","winmobileguidkey":"","APPLICATION_THEME":"default","build":"debug","project_version":"sprint27","wap_ip_fontsize":"12","category":"app","createdVizVersion":"7.0.0"}